,field,comp_url
0,Frederiksberg,/company/bmw-group/
1,Information Technology & Services,/company/oracle/
2,Information Technology & Services,/company/accenture/
3,Computer Software,/company/microsoft/
4,Internet,/company/linkedin/
5,Food & Beverages,/company/nestle-s-a-/
6,Internet,/company/google/
7,Internet,/company/amazon/
8,Cosmetics,/company/lor%C3%A9al/
9,Frederiksberg,/company/copenhagen-business-school/
10,Consumer Goods,/company/colgate-palmolive/
11,Banking,/company/biat/
12,Banking,/company/zitouna-bank/
13,Banking,/company/amen-bank/
14,Management Consulting,/company/biatconsulting/
15,Banking,/company/bh-bank/
16,Banking,/company/ubci-groupe-bnp-paribas/
17,Banking,/company/uib/
18,Banking,/company/stb-bank/
19,Banking,/company/attijari-bank-tunisie/
20,Human Resources,/company/tunisie-travail-emploi/
21,Staffing & Recruiting,/company/tous-les-concours-de-la-tunisie/
22,Information Technology & Services,/company/ibm/
23,Automotive,/company/valeo/
24,Human Resources,/company/workosolutions/
25,Food Production,/company/land'or-sa/
26,Food Production,/company/vitalait-tunisie/
27,Food Production,/company/soci%C3%A3%C2%A9t%C3%A3%C2%A9-el-mazraa/
28,Civic & Social Organization,/company/tunisia-africa-businesscouncil/
29,Staffing & Recruiting,/company/quebec-en-tete/
30,Food Production,/company/poulina-group-holding/
31,Human Resources,/company/expert-manpower-%D8%B4%D8%B1%D9%83%D8%A9-%D8%AA%D9%88%D8%B8%D9%8A%D9%81-%D9%85%D9%86-%D8%AA%D9%88%D9%86%D8%B3/
32,Financial Services,/company/enda-tamweel/
33,"4,724 followers",/company/sahlilas/
34,Non-profit Organization Management,/company/uniceftunisie/
35,Sfax,/company/ecole-nationale-d-ing%C3%A9nieurs-de-sfax-enis/
36,Computer Software,/company/tuninfoforyou/
37,"4,679 followers",/company/saida-sotubi/
38,Oil & Energy,/company/total-industry/
39,Government Administration,/company/agence-nationale-pour-l%E2%80%99emploi-et-le-travail-ind%C3%A9pendant-aneti/
40,Staffing & Recruiting,/company/%D9%88%D8%B8%D8%A7%D8%A6%D9%81-%D9%81%D9%8A-%D8%AA%D9%88%D9%86%D8%B3/
41,Staffing & Recruiting,/company/%D9%88%D8%B8%D8%A7%D8%A6%D9%81-%D9%81%D9%8A-%D8%A7%D9%84%D8%AC%D8%B2%D8%A7%D8%A6%D8%B1/
42,Staffing & Recruiting,/company/cvya/
43,Banking,/company/arab-bank/
44,Banking,/company/attijariwafa-bank/
45,Banking,/company/adcbofficial/
46,Banking,/company/cihbank/
47,Telecommunications,/company/etisalat/
48,Telecommunications,/company/tunisie-t-l-com/
49,Telecommunications,/company/ooredoo-group/
50,Insurance,/company/assurances-comar-&-hayett/
51,Financial Services,/company/advans-tunisie/
52,Information Technology & Services,/company/hp/
53,Capital Markets,/company/bourse-r%C3%A9gionale-des-valeurs-mobili%C3%A8res-brvm---uemoa/
54,Telecommunications,/company/postetunisienne/
55,Human Resources,/company/4recruteee/
56,Legal Services,/company/canada-job/
57,Banking,/company/bank-abc/
58,Banking,/company/bnalgerie/
59,Computer Software,/company/bfigroupe/
60,Investment Banking,/company/attijari-securities-central-africa/
61,Management Consulting,/company/deloitte/
62,Financial Services,/company/hsbc/
63,Banking,/company/credit-suisse/
64,Banking,/company/societe-generale/
65,Chemicals,/company/bayer/
66,Information Technology & Services,/company/sogeti/
67,Staffing & Recruiting,/company/allegis-group/
68,Information Technology & Services,/company/altran/
69,Facilities Services,/company/sodexo/
70,Staffing & Recruiting,/company/hays/
71,Information Technology & Services,/company/devoteam/
72,Sports,/company/national-football-league/
73,"Philadelphia, PA",/company/the-wharton-school/
74,Information Technology & Services,/company/alten/
75,Banking,/company/uob/
76,Information Technology & Services,/company/sii/
77,Banking,/company/oddo-bhf/
78,Information Technology & Services,/company/gfiworld/
79,Oil & Energy,/company/qatarpetroleum/
80,Online Media,/company/cnn-business/
81,Newspapers,/company/the-wall-street-journal/
82,Writing & Editing,/company/les-echos/
83,Publishing,/company/the-economist/
84,Hospitality,/company/anantara-hotels-resorts-and-spas/
85,Oil & Energy,/company/iota-group/
86,Media Production,/company/ted-conferences/
87,Broadcast Media,/company/bfm-business/
88,Newspapers,/company/capital-fr/
89,Tunis,/company/universit%C3%A9-de-tunis/
90,Oil & Energy,/company/shell/
91,Non-profit Organization Management,/company/unicef/
92,Automotive,/company/tata-motors/
93,International Affairs,/company/united-nations-volunteers/
94,Human Resources,/company/jobbermannigeria/
95,Insurance,/company/ami-assurances/
96,Human Resources,/company/stagiaires-ma/
97,Staffing & Recruiting,/company/stage-ma/
98,Oil & Energy,/company/soci-t-tunisienne-de-l'electricit-et-du-gaz-steg-/
99,Staffing & Recruiting,/company/web2rh-rflex/
100,Human Resources,/company/trouve-un-stage-.com/
101,Insurance,/company/assurances-el-amana-takaful/
102,Internet,/company/alternanceprofessionnelle/
103,Staffing & Recruiting,/company/toutaumaroc-com-emploi/
104,Staffing & Recruiting,/company/ajiw-nkhadmo/
105,Staffing & Recruiting,/company/grjrecrutement/
106,Staffing & Recruiting,/company/tunisieconcours/
107,International Trade & Development,/company/usaid-tunisia-jobs/
108,Marketing & Advertising,/company/stagedigital/
109,Information Technology & Services,/company/hewlett-packard-enterprise/
110,Accounting,/company/pwc/
111,Computer Networking,/company/cisco/
112,Accounting,/company/ernstandyoung/
113,Telecommunications,/company/orange/
114,Consumer Goods,/company/unilever/
115,Information Technology & Services,/company/tata-consultancy-services/
116,Logistics & Supply Chain,/company/dhl/
117,Management Consulting,/company/mckinsey/
118,Information Technology & Services,/company/cgi/
119,Information Technology & Services,/company/pinkroccade-local-government/
120,Human Resources,/company/adp/
121,Banking,/company/bnp-paribas/
122,Pharmaceuticals,/company/sanofi/
123,Publishing,/company/harvard-business-review/
124,Pharmaceuticals,/company/novartis/
125,Human Resources,/company/theadeccogroup/
126,Information Technology & Services,/company/thales/
127,Computer Software,/company/sage-software/
128,International Trade & Development,/company/sgs/
129,"Boston, MA",/company/harvard-business-school/
130,Broadcast Media,/company/groupetf1/
131,Information Technology & Services,/company/sofrecom/
132,Information Technology & Services,/company/accelya/
133,Computer Software,/company/formation/
134,Human Resources,/company/soprahr/
135,Information Services,/company/vecteur-plus/
136,Telecommunications,/company/armatis/
137,Information Technology & Services,/company/jems-group/
138,Information Technology & Services,/company/doubletrade/
139,Financial Services,/company/quanthouse/
140,Outsourcing/Offshoring,/company/transcom/
141,Cosmetics,/company/svr/
142,Information Technology & Services,/company/corporama/
143,Staffing & Recruiting,/company/adecco/
144,Internet,/company/ebg-elenbi/
145,Marketing & Advertising,/company/aximum/
146,Staffing & Recruiting,/company/keejob/
147,Information Services,/company/khdemti/
148,Management Consulting,/company/polina/
149,Human Resources,/company/emploi-recrutement/
150,Staffing & Recruiting,/company/kedmatn/
151,Libraries,/company/demandes-d-emploi/
152,Banking,/company/banquedetunisie/
153,Insurance,/company/gat-assurances/
154,"Paris, île-de-france",/company/institut-sup%C3%A9rieur-de-gestion/
155,Insurance,/company/starassurances/
156,Staffing & Recruiting,/company/rekrutee2020/
157,Food Production,/company/delice-holding/
158,Automotive,/company/leoni-tunisia/
159,Supermarkets,/company/carrefour/
160,Retail,/company/monoprix/
161,Food Production,/company/vilaconic/
162,Rennes,/company/facult%C3%A9-des-sciences-economiques-de-l'universit%C3%A9-de-rennes1/
163,Financial Services,/company/tunisie-leasing-factoring/
164,Supermarkets,/company/monoprix-tunisie1/
165,"Hammersmith, London",/company/westlondoncol/
166,Banking,/company/tf-bank/
167,Online Media,/company/ilboursa-com/
168,Information Technology & Services,/company/ats---digital-dev/
169,Oil & Energy,/company/edvance.fr/
170,Internet,/company/linkedin-member-guide/
171,"Saint-Denis, Île-de-France",/company/universit%C3%A9-vincennes-saint-denis-paris-viii-/
172,Human Resources,/company/cdicdd/
173,Education Management,/company/ihec-sfax-institut-des-hautes-%C3%A9tudes-commerciales-de-sfax/
174,Individual & Family Services,/company/marouani-service-general/
175,Information Technology & Services,/company/cabinet-mounir-zammit/
176,Banking,/company/btl-banque-tuniso-libyenne/
177,Banking,/company/arabtunisianbank/
178,Management Consulting,/company/boston-consulting-group/
179,Management Consulting,/company/bain-and-company/
180,Financial Services,/company/ifclinkedin/
181,International Affairs,/company/usaid/
182,Consumer Goods,/company/bic/
183,Accounting,/company/mooreglobal/
184,Investment Banking,/company/swicorp/
185,Accounting,/company/ifac/
186,International Trade & Development,/company/oco-global/
187,Accounting,/company/ecovis-wingrave-yeats/
188,"Glass, Ceramics & Concrete",/company/duravit-ag/
189,Management Consulting,/company/fmcgroup/
190,Financial Services,/company/africinvestgrp/
191,International Trade & Development,/company/the-world-bank/
192,Human Resources,/company/novative-sa/
193,Individual & Family Services,/company/enda-inter-arabe/
194,Computer Software,/company/odoo/
195,Management Consulting,/company/acting-finances/
196,International Trade & Development,/company/expertise-france/
197,Broadcast Media,/company/bbc-studios/
198,Media Production,/company/itv-studios/
199,Information Technology & Services,/company/sofrecom-tunisie/
200,les berges du lac1,/company/go-my-code/
201,E-learning,/company/takiacademy/
202,Electrical & Electronic Manufacturing,/company/schneider-electric/
203,Internet,/company/youtube/
204,Mechanical Or Industrial Engineering,/company/daikin-applied/
205,Consumer Electronics,/company/apple/
206,Entertainment,/company/netflix/
207,Construction,/company/aquatherm-uk/
208,"Health, Wellness & Fitness",/company/hydroconcept-monaco/
209,Construction,/company/oger-international/
210,Online Media,/company/businessinsider/
211,Mechanical Or Industrial Engineering,/company/skm-air-conditioning-l-l-c/
212,Staffing & Recruiting,/company/emploitic-com/
213,Mechanical Or Industrial Engineering,/company/bitzer/
214,Business Supplies & Equipment,/company/cgtb/
215,International Trade & Development,/company/gizgmbh/
216,Architecture & Planning,/company/drawlink/
217,Construction,/company/the-lawton-tube-company-ltd/
218,Computer Software,/company/instagram/
219,Airlines/Aviation,/company/tunisair/
220,Human Resources,/company/progress-rh-tunisie/
221,Information Technology & Services,/company/dxctechnology/
222,Internet,/company/livres-techniques/
223,260 followers,/company/tunisair-handling/
224,Staffing & Recruiting,/company/emploi-conseils/
225,Staffing & Recruiting,/company/recruter/
226,Internet,/company/rakutenfrance/
227,Computer Software,/company/inetumtunisie/
228,Entertainment,/company/cultural-village---katara/
229,Staffing & Recruiting,/company/qatar-jobstoday/
230,Information Technology & Services,/company/amontech/
231,Staffing & Recruiting,/company/gilbert-&-charles/
232,Staffing & Recruiting,/company/cpl-jobs-tunisie/
233,Professional Training & Coaching,/company/codev-international/
234,Professional Training & Coaching,/company/l2mtunisnord/
235,Staffing & Recruiting,/company/amalo-recrutement/
236,Information Technology & Services,/company/inetum/
237,E-learning,/company/ruspina-centre-de-formation/
238,Cosmetics,/company/happynesstunisie/
239,Banking,/company/al-baraka-bank-tunisie/
240,Transportation/Trucking/Railroad,/company/alstom/
241,Information Technology & Services,/company/fis/
242,Chemicals,/company/airliquide/
243,Banking,/company/desjardins/
244,Information Technology & Services,/company/vermeg/
245,International Trade & Development,/company/african-development-bank/
246,Staffing & Recruiting,/company/vidal-associates/
247,Banking,/company/ebrd/
248,Insurance,/company/euler-hermes/
249,Telecommunications,/company/ooredootn/
250,Information Technology & Services,/company/targa-consult/
251,Outsourcing/Offshoring,/company/telnet_2/
252,Computer Software,/company/tritux/
253,Research,/company/comete-engineering/
254,Banking,/company/attijari-bank/
255,Non-profit Organization Management,/company/r-seau-entreprendre/
256,"Glassboro, NJ",/company/rowan-university/
257,Higher Education,/company/minist-re-de-l'enseignement-sup-rieur/
258,Oil & Energy,/company/spie-oil-&-gas-services/
259,International Trade & Development,/company/gfa-consulting-group-gmbh/
260,Computer Software,/company/ngi-maghreb/
261,Oil & Energy,/company/camco-oilfield-services/
262,Electrical & Electronic Manufacturing,/company/samsung-electronic-tunisie/
263,Libraries,/company/library-connect/
264,Higher Education,/company/facult%C3%A9-des-sciences-de-tunis/
265,Publishing,/company/interestingengineering/
266,Oil & Energy,/company/etaptunisia/
267,"Tunis, Tunis",/company/university-of-tunis-el-manar/
268,Higher Education,/company/universit%C3%A9-de-sfax/
269,Oil & Energy,/company/geology-science/
270,"Paris, Ile de France",/company/universit%C3%A9-de-paris/
271,Civil Engineering,/company/civilengineeringdiscoveries/
272,Farming,/company/geopro-tunisie/
273,International Trade & Development,/company/giz-tunisie/
274,Online Media,/company/successful-tunisia/
275,Human Resources,/company/professional-recruiter/
276,Insurance,/company/star-assurance-company-ltd/
277,Banking,/company/wifak-international-bank/
278,Automotive,/company/ford-tunisie/
279,Government Administration,/company/choisirlequebec/
280,E-learning,/company/livres-gratuits-pdf/
281,Human Resources,/company/gpfrecrutement/
282,Oil & Energy,/company/steg-tunisie/
283,Staffing & Recruiting,/company/emploitoday/
284,Banking,/company/bts-bank/
285,Banking,/company/bnabank/
286,Mechanical Or Industrial Engineering,/company/ge/
287,Hospital & Health Care,/company/gehealthcare/
288,Oil & Energy,/company/gepower/
289,Industrial Automation,/company/siemens/
290,Telecommunications,/company/att/
291,Semiconductors,/company/intel-corporation/
292,Information Technology & Services,/company/ericsson/
293,Consumer Electronics,/company/motorola-mobility/
294,Financial Services,/company/jpmorganchase/
295,Hospital & Health Care,/company/philips/
296,Information Technology & Services,/company/verizonbusiness/
297,Information Technology & Services,/company/verizon/
298,Consumer Goods,/company/procter-and-gamble/
299,Banking,/company/bank-of-america/
300,Financial Services,/company/merrilllynch/
301,Pharmaceuticals,/company/pfizer/
302,Medical Device,/company/ethicon/
303,Pharmaceuticals,/company/janssen-pharmaceutical-companies-of-johnson-and-johnson/
304,Biotechnology,/company/centocor/
305,Entertainment,/company/warner-bros--entertainment/
306,Telecommunications,/company/huawei/
307,International Affairs,/company/world-health-organization/
308,Publishing,/company/forbes-magazine/
309,Banking,/company/qatar-national-bank-group/
310,International Affairs,/company/organisation-eco-cooperation-development-organisation-cooperation-developpement-eco/
311,Hospitality,/company/vincci-hoteles/
312,Transportation/Trucking/Railroad,/company/sarsaudirailway/
313,Renewables & Environment,/company/irena/
314,Textiles,/company/trigema-inh.-w.-grupp-e.k./
315,Food & Beverages,/company/d-lice-danone/
316,International Trade & Development,/company/trade-economics/
317,Mechanical Or Industrial Engineering,/company/orinox/
318,Internet,/company/google-cloud/
319,Information Technology & Services,/company/dellemc/
320,Newspapers,/company/the-new-york-times/
321,Newspapers,/company/financial-times/
322,Information Technology & Services,/company/rackspace-technology/
323,Online Media,/company/bloomberg-news/
324,Information Technology & Services,/company/zohocorp/
325,Computer Software,/company/cpanel/
326,Internet,/company/techcrunch/
327,Internet,/company/zuora/
328,Management Consulting,/company/business-net-partners/
329,Internet,/company/cloudflare/
330,Venture Capital & Private Equity,/company/center-for-innovation-&-entrepreneurship-cie-at-kit/
331,Information Technology & Services,/company/uptime-institute/
332,Information Technology & Services,/company/onapp/
333,Venture Capital & Private Equity,/company/openoceanvc/
334,Telecommunications,/company/zain-bahrain/
335,International Trade & Development,/company/german-tunisian-chamber-of-industry-and-commerce/
336,Automotive,/company/renaultgroup/
337,Automotive,/company/automobiles-peugeot/
338,Automotive,/company/volkswagen-ag/
339,"Atlanta, Georgia",/company/georgia-institute-of-technology/
340,Automotive,/company/zf-group/
341,Automotive,/company/michelin/
342,Automotive,/company/citroen/
343,Non-profit Organization Management,/company/world-economic-forum/
344,Non-profit Organization Management,/company/ypoglobal/
345,Information Technology & Services,/company/jato-dynamics/
346,Automotive,/company/dacia/
347,Automotive,/company/automotor-france/
348,Automotive,/company/sneci/
349,Information Technology & Services,/company/dicentral/
350,Information Technology & Services,/company/wevioo/
351,Newspapers,/company/jeune-afrique/
352,Management Consulting,/company/x-pm-transition-partners/
353,Medical Device,/company/biosensewebster/
354,Hospital & Health Care,/company/johnson-&-johnson/
355,Hospital & Health Care,/company/abbott-/
356,Medical Device,/company/boston-scientific/
357,Medical Device,/company/medtronic/
358,Human Resources,/company/randstad/
359,Management Consulting,/company/frost-&-sullivan/
360,Outsourcing/Offshoring,/company/teleperformance/
361,Airlines/Aviation,/company/qatar-airways/
362,Medical Device,/company/livanova/
363,Medical Device,/company/merit-medical-systems-inc/
364,Medical Device,/company/fisher-&-paykel-healthcare/
365,Medical Device,/company/biosensors-international/
366,Airlines/Aviation,/company/wizzair/
367,Food & Beverages,/company/sadafco/
368,Medical Device,/company/acist-medical-systems/
369,Management Consulting,/company/guided-solutions/
370,Investment Management,/company/the-olayan-group/
371,Medical Device,/company/cookmedical/
372,Medical Device,/company/cr-bard/
373,Automotive,/company/general-motors/
374,Automotive,/company/ford-motor-company/
375,Automotive,/company/ferrari/
376,Automotive,/company/tesla-motors/
377,Luxury Goods & Jewelry,/company/alfardan-group/
378,Retail,/company/al-tayer-group/
379,Automotive,/company/nissan-motor-corporation/
380,Automotive,/company/jaguar-land-rover_1/
381,Automotive,/company/al-zayani-automotive/
382,Automotive,/company/man-commercial-vehicles/
383,Information Technology & Services,/company/infopro-digital/
384,Automotive,/company/headline-automotive-data-&-software-technology/
385,Automotive,/company/jaguar-land-rover-africa/
386,Professional Training & Coaching,/company/tiqani/
387,Automotive,/company/jaguar-land-rover-france/
388,Information Technology & Services,/company/talan/
389,Electrical & Electronic Manufacturing,/company/actia/
390,Telecommunications,/company/sagemcom/
391,Information Technology & Services,/company/amazon-web-services/
392,Information Technology & Services,/company/talan-tunisie/
393,Computer Software,/company/neoxam/
394,Computer Software,/company/expensya/
395,Internet,/company/facebook/
396,Internet,/company/twitter/
397,"San Francisco, California",/company/holberton-school/
398,Individual & Family Services,/company/recrutement-en-tunisie/
399,Aviation & Aerospace,/company/nasa/
400,Telecommunications,/company/utstarcom/
401,Aviation & Aerospace,/company/faa/
402,Computer Software,/company/linedata/
403,Aviation & Aerospace,/company/zodiac-aerospace/
404,Internet,/company/vistaprint/
405,Publishing,/company/national-geographic-society/
406,Information Technology & Services,/company/ip-tech/
407,Information Technology & Services,/company/fittingbox/
408,Non-profit Organization Management,/company/icrc/
409,Philanthropy,/company/care-france/
410,International Trade & Development,/company/qu-bec-international/
411,Philanthropy,/company/action-contre-la-faim/
412,Philanthropy,/company/solidarites-international/
413,Human Resources,/company/hr-house-international/
414,Information Services,/company/jamaity-org/
415,Staffing & Recruiting,/company/samari-consulting/
416,Philanthropy,/company/plan-international-france/
417,Outsourcing/Offshoring,/company/convergys/
418,Insurance,/company/wafa-assurance/
419,Banking,/company/bnp-paribas-personal-finance/
420,Management Consulting,/company/asymptote/
421,Investment Banking,/company/midi-capital/
422,Information Technology & Services,/company/charge-anywhere/
423,Automotive,/company/psn-group-of-companies/
424,Telecommunications,/company/orange-tunisie/
425,Accounting,/company/firley-moran-freer-&-eassa-pc/
426,Management Consulting,/company/gpbl/
427,"Montréal, Québec",/company/institut-sup-rieur-d-informatique-isi/
428,Civil Engineering,/company/green-concretex-group-of-companies/
429,Marketing & Advertising,/company/ad's-up/
430,Information Technology & Services,/company/ametix/
431,Financial Services,/company/capstone-partners-financial-and-insurance-services/
432,Banking,/company/banque-zitouna/
433,Insurance,/company/alliance-assurances/
434,Insurance,/company/assurances-professionnelles-swiss-life/
435,Automotive,/company/renault-tunisie/
436,Insurance,/company/assurancesbiat/
437,Insurance,/company/astr%C3%A9e-assurance/
438,Financial Services,/company/lunu-solutions/
439,Automotive,/company/mercedes-benz-maybach-fans/
440,Accounting,/company/mazarstunisie/
441,Real Estate,/company/tecnocasa/
442,Hospitality,/company/intercontinental-geneva/
443,Real Estate,/company/immo2/
444,Real Estate,/company/tecnocasa-tunisie/
445,Internet,/company/tayara-tn/
446,Real Estate,/company/st%C3%A9phane-plaza-immobilier/
447,Architecture & Planning,/company/zaa-architects/
448,Real Estate,/company/tecnocasa-hammamet/
449,International Affairs,/company/mattmediterraneanrevolution/
450,Information Services,/company/business-france-tunisie/
451,Logistics & Supply Chain,/company/timar/
452,Insurance,/company/adviseassurance/
453,Financial Services,/company/zitouna-tamkeen/
454,Insurance,/company/assurances-zitouna-takaful/
455,"Mrezgua , Nabeul",/company/institutsup%C3%A9rieurdes%C3%A9tudestechnologiquedenabeul/
456,Management Consulting,/company/excellentia-international-institute/
457,Banking,/company/banque-de-tunisie-et-des-%C3%A9mirats/
458,Banking,/company/wifak-bank/
459,Accounting,/company/kpmg-advisory/
460,Oil & Energy,/company/bp/
461,Oil & Energy,/company/schlumberger/
462,Military,/company/royalnavy/
463,Oil & Energy,/company/exxonmobil/
464,Oil & Energy,/company/total/
465,International Affairs,/company/united-nations/
466,Oil & Energy,/company/chevron/
467,Oil & Energy,/company/halliburton/
468,Financial Services,/company/bloomberg-lp/
469,Oil & Energy,/company/statoil/
470,Oil & Energy,/company/bakerhughes/
471,Oil & Energy,/company/dong-energy/
472,Oil & Energy,/company/aramco/
473,London,/company/imperial-college-london/
474,Financial Services,/company/rothschildandco/
475,Utilities,/company/scottish-power/
476,Pharmaceuticals,/company/glaxosmithkline/
477,Consumer Goods,/company/mars/
478,Pharmaceuticals,/company/astrazeneca/
479,Food & Beverages,/company/the-coca-cola-company/
480,Staffing & Recruiting,/company/manpowergroup/
481,Pharmaceuticals,/company/bayer-pharmaceuticals/
482,Tobacco,/company/insidepmi/
483,Automotive,/company/volvo-group/
484,Pharmaceuticals,/company/novo-nordisk/
485,Food Production,/company/danone/
486,Broadcast Media,/company/cnbc/
487,Restaurants,/company/mcdonald's-corporation/
488,Oil & Energy,/company/omv/
489,"Paris, île-de-france",/company/lettres-sorbonne-universite/
490,Oil & Energy,/company/etap_2/
491,Mining & Metals,/company/cpg_3/
492,Oil & Energy,/company/serept/
493,Import & Export,/company/i3c-tunisie/
494,Chemicals,/company/groupe-chimique-tunisien/
495,Oil & Energy,/company/soci%C3%A9t%C3%A9-tunisienne-des-industries-de-raffinage---stir/
496,Marketing & Advertising,/company/discovery-digital/
497,Newspapers,/company/le-figaro/
498,Banking,/company/bankabc/
499,Internet,/company/mdsoft/
500,Management Consulting,/company/regulation-partners/
501,Research,/company/sigma-conseil/
502,Financial Services,/company/pwc-france/
503,Financial Services,/company/icd_ps/
504,Financial Services,/company/tunisian-american-enterprise-fund/
505,Transportation/Trucking/Railroad,/company/vectorys/
506,"La Bardo, Tunis",/company/institutsup%C3%A9rieurdegestiondetunis/
507,Real Estate,/company/agence-immobili%C3%A8re-jouini/
508,Banking,/company/bank-al-yousr-recrutement/
509,Individual & Family Services,/company/ctfci/
510,Banking,/company/bmci-groupe-bnp-paribas/
511,Information Technology & Services,/company/keyrus/
512,Computer Software,/company/backbase/
513,Information Technology & Services,/company/equinoxes/
514,Information Technology & Services,/company/business-&-decision/
515,Nanterre,/company/esbanque/
516,Management Consulting,/company/ceed-tunisia/
517,Non-profit Organization Management,/company/qatar-development-fund/
518,Information Technology & Services,/company/sintegra-consulting/
519,Information Technology & Services,/company/technopolesfax/
520,"Manouba, Greater Tunis Area",/company/ensitn/
521,Financial Services,/company/finastra/
522,Management Consulting,/company/pmi-tunisia-chapter/
523,"Monfleury, Tunis",/company/ipeit/
524,Information Technology & Services,/company/cloudshift-tunisie/
525,Banking,/company/bmice/
526,Venture Capital & Private Equity,/company/betacube/
527,Events Services,/company/tdsconference/
528,Professional Training & Coaching,/company/boost-your-inspiration-byi/
529,Internet,/company/ykone/
530,Marketing & Advertising,/company/access-content-agency/
531,Marketing & Advertising,/company/panorama-an-affiliate-of-y&r/
532,Government Administration,/company/association-tunisienne-des-professionnels-du-marketing/
533,Marketing & Advertising,/company/havas-ww-tunisia/
534,Marketing & Advertising,/company/tbwa-pointcarre/
535,Pharmaceuticals,/company/kilani-groupe/
536,Information Technology & Services,/company/freelance-tunisie/
537,Marketing & Advertising,/company/3sg-bbdo/
538,Higher Education,/company/iheccarthage/
539,Marketing & Advertising,/company/omd-tunisia/
540,E-learning,/company/linkedinlearning/
541,Marketing & Advertising,/company/3sixty-ads/
542,Internet,/company/knsd/
543,Cosmetics,/company/argania-distribution/
544,Accounting,/company/2as-accounting-auditing-services/
545,Marketing & Advertising,/company/digitaloctopustn/
546,Cosmetics,/company/business-france-%E2%80%93-cosm%C3%A9tique/
547,Marketing & Advertising,/company/doze-agency/
548,Marketing & Advertising,/company/letstalkmarketing/
549,Retail,/company/starbucks/
550,"New Haven, CT",/company/yale-school-of-management/
551,Printing,/company/sawgrassink/
552,Broadcast Media,/company/cnbc-africa/
553,Paper & Forest Products,/company/doubleapaper/
554,Publishing,/company/ventures-africa/
555,Online Media,/company/africa-confidential/
556,Information Services,/company/skift/
557,Online Media,/company/re-code-news/
558,Food & Beverages,/company/vietnam-hanfimex-corporation/
559,Printing,/company/great-virtue-imp&exp-limited/
560,Food Production,/company/wolons.com/
561,Paper & Forest Products,/company/lb-paper-factory-ltd/
562,Food Production,/company/hanfimex-group/
563,Education Management,/company/ihec-sousse/
564,Professional Training & Coaching,/company/teletrade-trading-academy/
565,Renewables & Environment,/company/hydro-quebec/
566,Higher Education,/company/doha-institute-for-graduate-studies-%D9%85%D8%B9%D9%87%D8%AF-%D8%A7%D9%84%D8%AF%D9%88%D8%AD%D8%A9-%D9%84%D9%84%D8%AF%D8%B1%D8%A7%D8%B3%D8%A7%D8%AA-%D8%A7%D9%84%D8%B9%D9%84%D9%8A%D8%A7/
567,Business Supplies & Equipment,/company/mashrook-%D9%85%D8%B4%D8%B1%D9%88%D8%B9%D9%83/
568,Investment Management,/company/economy-mashroo3k-%D9%85%D8%AC%D9%84%D8%A9-%D9%85%D8%B4%D8%B1%D9%88%D8%B9%D9%83-%D8%A7%D9%84%D8%A7%D9%82%D8%AA%D8%B5%D8%A7%D8%AF%D9%8A%D8%A9/
569,Staffing & Recruiting,/company/viralinsta/
570,Management Consulting,/company/ektesad/
571,"Aola, Gizeh",/company/feps-cu/
572,Higher Education,/company/economic-clubimamu/
573,Higher Education,/company/%D9%8Feconomic-clubimamu/
574,Education Management,/company/elmin7a/
575,Research,/company/myimmigra-immigration-and-work-in-europe/
576,Libraries,/company/plan-d-emploi/
577,Financial Services,/company/jpmorgan/
578,Computer Software,/company/sap/
579,Financial Services,/company/ubs/
580,Entertainment,/company/sony-pictures-entertainment/
581,Information Technology & Services,/company/atos/
582,Information Technology & Services,/company/t&t-consulting/
583,Telecommunications,/company/seawave/
584,Staffing & Recruiting,/company/tos-transport-and-offshore-services/
585,Information Technology & Services,/company/neo-soft-groupe/
586,Biotechnology,/company/agilent-technologies/
587,Insurance,/company/axa/
588,Insurance,/company/zurich-insurance-company-ltd/
589,Insurance,/company/swiss-re/
590,"Oxford, Oxfordshire",/company/oxforduni/
591,Professional Training & Coaching,/company/pminstitute/
592,Translation & Localization,/company/transperfect/
593,Staffing & Recruiting,/company/talent-international/
594,International Trade & Development,/company/montreal-international/
595,Hospitality,/company/barcelo-hotel-group/
596,Insurance,/company/la-capitale/
597,Semiconductors,/company/lumileds/
598,Management Consulting,/company/bearingpoint/
599,Information Technology & Services,/company/nielsen/
600,International Affairs,/company/undp/
601,Marketing & Advertising,/company/havas/
602,Telecommunications,/company/proximus/
603,Marketing & Advertising,/company/leo-burnett/
604,Building Materials,/company/saint-gobain/
605,Music,/company/sony-music-entertainment/
606,Information Technology & Services,/company/soprasteria/
607,Computer & Network Security,/company/check-point-software-technologies/
608,Market Research,/company/insightsbykantar/
609,Consumer Goods,/company/electrolux/
610,Computer Software,/company/github/
611,Automotive,/company/www-automobile-tn/
612,Events Services,/company/makemusic.tn/
613,Media Production,/company/wasabitn/
614,Non-profit Organization Management,/company/afkarincubator/
615,Museums & Institutions,/company/digital-cultural-experience/
616,Cosmetics,/company/maison-de-senteurs/
617,Information Technology & Services,/company/inkylab/
618,"Health, Wellness & Fitness",/company/soul-and-planet/
619,Online Media,/company/inkyfada/
620,Marketing & Advertising,/company/linkedin-marketing-solutions/
621,Consumer Goods,/company/duracell/
622,Food & Beverages,/company/pepsico/
623,Computer Software,/company/adobe/
624,Food Production,/company/mondelezinternational/
625,Retail,/company/target/
626,Mechanical Or Industrial Engineering,/company/dupont/
627,Food & Beverages,/company/jdecoffee/
628,Packaging & Containers,/company/tetra-pak/
629,Chemicals,/company/basf/
630,Food Production,/company/cargill/
631,Retail,/company/ikea/
632,Consumer Goods,/company/general-mills/
633,Chemicals,/company/dsm/
634,Paper & Forest Products,/company/international-paper/
635,Oil & Energy,/company/eni/
636,Oil & Energy,/company/conocophillips/
637,Oil & Energy,/company/aker-solutions/
638,Oil & Energy,/company/petrobras/
639,Oil & Energy,/company/hess-corporation/
640,Oil & Energy,/company/anadarko-petroleum-corporation/
641,Oil & Energy,/company/worley/
642,"London, Greater London",/company/kingston-university/
643,Oil & Energy,/company/petroleum-development-oman/
644,Oil & Energy,/company/noble-drilling/
645,Oil & Energy,/company/international-energy-agency/
646,Oil & Energy,/company/bg-group/
647,Oil & Energy,/company/tullow-oil/
648,Oil & Energy,/company/dno/
649,Information Technology & Services,/company/csc/
650,Financial Services,/company/american-express/
651,Non-profit Organization Management,/company/aiesec/
652,Information Technology & Services,/company/visa/
653,Information Technology & Services,/company/gemalto/
654,Information Technology & Services,/company/swisscom/
655,,/company/vmware/
656,Information Technology & Services,/company/mastercard/
657,Staffing & Recruiting,/company/michael-page/
658,Defense & Space,/company/safran---defense/
659,Information Technology & Services,/company/idemiagroup/
660,Management Consulting,/company/devoteam-management-consulting/
661,Government Administration,/company/anapec/
662,Pharmaceuticals,/company/siphat-tn/
663,Automotive,/company/byd/
664,Automotive,/company/hyundai-motor-company/
665,Business Supplies & Equipment,/company/citroen-tunisie/
666,Automotive,/company/al-ghandi-auto/
667,Automotive,/company/opelautomobile/
668,Internet,/company/simple-concept/
669,Management Consulting,/company/tenstep-epm-tunisia/
670,Automotive,/company/porsche-middle-east-&-africa/
671,Renewables & Environment,/company/bydbrasil/
672,Financial Services,/company/tunisielld/
673,Marketing & Advertising,/company/b2b-tunisia/
674,Renewables & Environment,/company/helios-new-energy/
675,Management Consulting,/company/election-du-service-client-de-l-annee-tunisie/
676,Automotive,/company/bydeurope/
677,Restaurants,/company/le-buffet-traiteur/
678,Computer Software,/company/pet-s-company/
679,Computer Software,/company/emeraude-it/
680,"La Soukra, Tunis",/company/universit%C3%A9-tunis-carthage/
681,Professional Training & Coaching,/company/beagilescrum/
682,Automotive,/company/byd-north-america/
683,Logistics & Supply Chain,/company/catt-tunisie/
684,Hospitality,/company/shangri-la-hotels-and-resorts/
685,Non-profit Organization Management,/company/qatarfoundation/
686,Staffing & Recruiting,/company/fircroft/
687,Human Resources,/company/apec/
688,Broadcast Media,/company/net-insight/
689,Construction,/company/eiffage_2/
690,Internet,/company/airbnb/
691,Government Administration,/company/poleemploi/
692,Newspapers,/company/acteurspublics/
693,International Trade & Development,/company/islamic-development-bank/
694,Non-profit Organization Management,/company/cjd/
695,Information Services,/company/cld-rouyn-noranda/
696,Civic & Social Organization,/company/c-dants-et-repreneurs-d'affaires/
697,Staffing & Recruiting,/company/kawader-for-recruitment/
698,"Leisure, Travel & Tourism",/company/myconcierge-tunis/
699,Construction,/company/h360restorationmanagementandconsulting/
700,Professional Training & Coaching,/company/canadin/
701,Professional Training & Coaching,/company/opus-lab/
702,Broadcast Media,/company/bbc-news/
703,Financial Services,/company/bvmt/
704,Capital Markets,/company/bourse-de-tunis/
705,"Carthage, Tunis",/company/institut-des-hautes-etudes-commerciales-de-carthage/
706,Banking,/company/btk-groupe-bpce/
707,Staffing & Recruiting,/company/jobs-to-canada/
708,"Cambridge, ma",/company/mit/
709,"Cambridge, Massachusetts",/company/harvard-university/
710,Staffing & Recruiting,/company/kellyservices/
711,Hospital & Health Care,/company/brigham-and-women's-hospital/
712,Hospital & Health Care,/company/massachusetts-general-hospital/
713,"Philadelphia, PA",/company/university-of-pennsylvania/
714,pa,/company/university-of-pennsylvania-school-of-medicine/
715,"College Station, TX",/company/texas-a&m-university/
716,International Trade & Development,/company/ul-/
717,Information Technology & Services,/company/apex-systems/
718,Zürich,/company/eth-zurich/
719,Information Technology & Services,/company/persistent-systems/
720,"Columbia, MO",/company/university-of-missouri/
721,Staffing & Recruiting,/company/yoh-a-day-&-zimmermann-company/
722,"New York, NY",/company/icahnmountsinai/
723,Information Technology & Services,/company/diebold/
724,Financial Services,/company/ald-automotive/
725,Mining & Metals,/company/ocp/
726,Banking,/company/cdg-capital/
727,Banking,/company/credit-du-maroc/
728,Government Administration,/company/cdgmaroc/
729,Real Estate,/company/assoufid-marrakech/
730,Banking,/company/cfg-bank/
731,Management Consulting,/company/ifaas-islamic-finance-advisory-&-assurance-services-/
732,Financial Services,/company/cibafi/
733,Banking,/company/societe-generale-maroc/
734,Civic & Social Organization,/company/fondation-marocaine-de-l'etudiant/
735,Financial Services,/company/cmimaroc/
736,Non-profit Organization Management,/company/reseau-entreprendre-maroc/
737,Financial Services,/company/al-maali-islamic-finance-consulting/
738,Information Technology & Services,/company/4us/
739,Accounting,/company/accounting-and-auditing-organization-for-islamic-financial-institutions-aaoifi-/
740,Information Technology & Services,/company/digital4business/
741,"Health, Wellness & Fitness",/company/chu-mohammed-vi-marrakech/
742,Legislative Office,/company/u.s.-house-of-representatives/
743,International Trade & Development,/company/uscommercialservice/
744,Government Administration,/company/u-s-department-of-commerce/
745,Retail,/company/auchan/
746,Government Relations,/company/u-s--chamber-of-commerce/
747,Machinery,/company/lincoln-electric/
748,Information Technology & Services,/company/infosys/
749,Information Technology & Services,/company/wipro/
750,Consumer Electronics,/company/samsung-electronics/
751,Information Technology & Services,/company/lenovo/
752,Banking,/company/bank-audi/
753,Banking,/company/creditagricoleeg/
754,Automotive,/company/renault-trucks/
755,Automotive,/company/peugeot/
756,Pharmaceuticals,/company/laboratoires-vital/
757,Construction,/company/masgroup-tn/
758,Automotive,/company/fordtrucksinternational/
759,Automotive,/company/ccfaparis/
760,Automotive,/company/suzuki-tunisie/
761,Automotive,/company/renault-trucks-maroc/
762,Automotive,/company/kia-motors-tunisie/
763,Automotive,/company/fiat-tunisie/
764,Transportation/Trucking/Railroad,/company/renault-trucks-kenya/
765,Automotive,/company/renault-trucks-grand-lyon/
766,Automotive,/company/peugeottunisie/
767,Automotive,/company/renault-trucksafrica/
768,Mechanical Or Industrial Engineering,/company/mechanical-engineering-worlds/
769,Automotive,/company/hyundai-tunisie/
770,Information Technology & Services,/company/proxym/
771,Computer Software,/company/datavora-s.a./
772,Sousse,/company/lyc%C3%A9epilotedesousse/
773,Information Technology & Services,/company/business-decision-tunisie/
774,Staffing & Recruiting,/company/robert-half-international/
775,Accounting,/company/mazars/
776,Financial Services,/company/tmf-group/
777,Financial Services,/company/industrielle_alliance/
778,E-learning,/company/udemy/
779,E-learning,/company/coursera/
780,E-learning,/company/coursera-verified/
781,Accounting,/company/grant-thornton-tunisie/
782,Information Technology & Services,/company/telnet-consulting/
783,"College Park, Maryland",/company/robert-h.-smith-school-of-business/
784,Management Consulting,/company/peppers-&-rogers-group/
785,Online Media,/company/mashable/
786,Automotive,/company/ben-jemaa-motors-bmw-tunisie-/
787,Internet,/company/ajidoo-sa/
788,Automotive,/company/economic-auto/
789,Real Estate,/company/pr%C3%A9f%C3%A9rence-home/
790,Automotive,/company/ad-tunisie/
791,Supermarkets,/company/groupe-utic/
792,Computer Software,/company/twenti-co/
793,Automotive,/company/honda-tunisie/
794,Publishing,/company/time/
795,Apparel & Fashion,/company/boden/
796,Marketing & Advertising,/company/henschel-steinau-inc-/
797,Apparel & Fashion,/company/roetgerink/
798,Publishing,/company/women's-wear-daily/
799,Apparel & Fashion,/company/textilwirtschaft/
800,Newspapers,/company/hznews/
801,Financial Services,/company/western-union/
802,Financial Services,/company/swift/
803,Information Technology & Services,/company/hps/
804,Banking,/company/dubai-islamic-bank/
805,Banking,/company/mashreqbank/
806,Banking,/company/alrajhibank/
807,Computer Software,/company/eri-bancaire/
808,Computer Software,/company/itscorporate/
809,Market Research,/company/decision-analyst-inc-/
810,Banking,/company/noor-bank/
811,Financial Services,/company/difc/
812,Banking,/company/kfhgroup/
813,Banking,/company/sharjah-islamic-bank/
814,Banking,/company/abu-dhabi-islamic-bank/
815,Banking,/company/emirates-islamic-bank/
816,Management Consulting,/company/pmgi-maghreb/
817,Staffing & Recruiting,/company/everest-executivedirectsearch/
818,Information Technology & Services,/company/next-step-it/
819,Staffing & Recruiting,/company/jobi/
820,Internet,/company/topnet-tunisie/
821,Mechanical Or Industrial Engineering,/company/engineeriing/
822,Professional Training & Coaching,/company/atelier-d%E2%80%99apprentissage-de-gorge-de-loup/
823,Aviation & Aerospace,/company/boeing/
824,Information Technology & Services,/company/zensar/
825,Newspapers,/company/usa-today/
826,Telecommunications,/company/grameenphone-ltd/
827,Information Technology & Services,/company/utimaco/
828,Automotive,/company/hyundai-motor-india-ltd/
829,Sports,/company/usa-hockey/
830,Sports,/company/usa-volleyball/
831,Sports,/company/usa-rugby/
832,Financial Services,/company/payoneer/
833,Wholesale,/company/usa-cycling/
834,Sports,/company/usagymnastics/
835,Sports,/company/usa-track-&-field/
836,Telecommunications,/company/vodafone/
837,Banking,/company/banque-de-france/
838,Broadcast Media,/company/aljazeera/
839,Financial Services,/company/refinitiv-risk/
840,Banking,/company/bankalbilad/
841,Banking,/company/bank-of-beirut/
842,Banking,/company/banque-du-liban/
843,Financial Services,/company/bank-negara-malaysia/
844,Banking,/company/bpce/
845,Banking,/company/bank-of-sharjah/
846,Banking,/company/albaraka/
847,Banking,/company/banque-misr/
848,Banking,/company/bdcegypt/
849,Banking,/company/banque-islamique-du-s-n-gal/
850,Financial Services,/company/timc/
851,Financial Services,/company/goldman-sachs/
852,Oil & Energy,/company/texaco/
853,Information Technology & Services,/company/eastnets/
854,Banking,/company/bred-banque-populaire/
855,Information Technology & Services,/company/axe-finance/
856,Banking,/company/albaraka-islamic-bank/
857,Mechanical Or Industrial Engineering,/company/emerson/
858,E-learning,/company/lynda-com/
859,Information Technology & Services,/company/helpline/
860,Non-profit Organization Management,/company/british-council/
861,Staffing & Recruiting,/company/rekrute-com/
862,Information Technology & Services,/company/b2m-tunisie/
863,Management Consulting,/company/z%C3%A9nith-management-consulting/
864,Legal Services,/company/ecostaff_/
865,Computer & Network Security,/company/venari-security/
866,Professional Training & Coaching,/company/advancia-training-tunisie/
867,Information Services,/company/brain-consulting/
868,Automotive,/company/mercedes-benz-tunisia/
869,Animation,/company/walt-disney-animation-studios/
870,Semiconductors,/company/stmicroelectronics/
871,Computer Software,/company/ptcinc/
872,Marketing & Advertising,/company/jwt/
873,Marketing & Advertising,/company/mindshare/
874,Computer Hardware,/company/acer/
875,Marketing & Advertising,/company/solocal-groupe/
876,Staffing & Recruiting,/company/sentinel-it/
877,Broadcast Media,/company/cnn/
878,Non-profit Organization Management,/company/save-the-children/
879,Non-profit Organization Management,/company/international-rescue-committee/
880,Insurance,/company/munich-re/
881,Online Media,/company/the-independent/
882,International Affairs,/company/unfpa/
883,International Trade & Development,/company/world-trade-organization/
884,Broadcast Media,/company/radio-canada/
885,Insurance,/company/cnp/
886,Insurance,/company/economical-insurance/
887,Newspapers,/company/la-presse/
888,Oil & Energy,/company/petrom/
889,Judiciary,/company/european-court-of-justice/
890,Financial Services,/company/mcp/
891,Hospitality,/company/moevenpick-hotels-&-resorts/
892,Banking,/company/cic/
893,Real Estate,/company/mena-capital/
894,Consumer Goods,/company/m%C3%B6venpick-schweiz-ag/
895,Sporting Goods,/company/nike/
896,Chemicals,/company/engelhard-corporation/
897,Internet,/company/salesforce/
898,International Trade & Development,/company/scottish-development-international/
899,Staffing & Recruiting,/company/alerte-job/
900,Staffing & Recruiting,/company/4-job/
901,Staffing & Recruiting,/company/5job-ua/
902,Mechanical Or Industrial Engineering,/company/johnson-controls/
903,Staffing & Recruiting,/company/job-mail/
904,Investment Banking,/company/bfpme---banque-de-financement-des-petites-&-moyennes-entreprises/
905,Education Management,/company/fuu-academy-of-languages-heidelberg/
906,Information Services,/company/way2fresher/
907,Banking,/company/cbqat/
908,Banking,/company/doha-bank/
909,Banking,/company/qib/
910,Banking,/company/barwa-bank/
911,Financial Services,/company/qatar-first-investment-bank-qfib-/
912,Banking,/company/qatar-development-bank/
913,Internet,/company/canada-jobs-and-careers/
914,Professional Training & Coaching,/company/techwomen/
915,Newspapers,/company/l'argus-de-l'assurance/
916,Mechanical Or Industrial Engineering,/company/xpert-meca/
917,paris,/company/igs-%C3%A9cole-rh/
918,Internet,/company/linkedin-china/
919,Publishing,/company/fortune/
920,Banking,/company/banque-saudi-fransi/
921,Banking,/company/gulfintlbank/
922,Banking,/company/uba/
923,Telecommunications,/company/groupesonatel/
924,Oil & Energy,/company/bapcobahrain/
925,Newspapers,/company/challenges/
926,Financial Services,/company/islamic-financial-services-board/
927,Internet,/company/vagascom/
928,Publishing,/company/influencia-le-trendmag-des-influences/
929,Accounting,/company/kreston-international/
930,Banking,/company/itfccorp/
931,Banking,/company/alsalambank-bahrain/
932,Human Resources,/company/international-staffing-company/
933,Food Production,/company/sanabel-carthage/
934,"Cambridge, MA",/company/harvard-law-school/
935,Banking,/company/standardchartered/
936,"New York, NY",/company/columbia-law-school/
937,Financial Services,/company/federal-reserve-bank-of-new-york/
938,"University Park, Pennsylvania",/company/penn-state-university/
939,Automotive,/company/faurecia/
940,Legal Services,/company/linklaters/
941,Hospitality,/company/marriott-international/
942,Hospitality,/company/hilton/
943,Hospitality,/company/accor/
944,Hospitality,/company/hyatt-regency/
945,Hospitality,/company/ihghotels&resorts/
946,Hospitality,/company/mandarin-oriental-hotel-group/
947,Hospitality,/company/taj-hotels/
948,Newspapers,/company/le-monde/
949,Hospitality,/company/itc-hotels/
950,Information Technology & Services,/company/artemys-paris/
951,Food Production,/company/poulina/
952,Hospitality,/company/fairmont-hotels-and-resorts/
953,Investment Management,/company/votorantim/
954,Hospitality,/company/the-ritz-carlton-hotel-company-llc/
955,Building Materials,/company/vcimentosoficial/
956,Dairy,/company/groupe-delice/
957,Hospitality,/company/marriott_hotels_resorts/
958,Food Production,/company/l'epi-d'or/
959,Building Materials,/company/carthage-cement/
960,Automotive,/company/toyota/
961,Automotive,/company/continental/
962,Automotive,/company/pirelli/
963,Non-profit Organization Management,/company/worldlearning/
964,Automotive,/company/mercedes-amg-gmbh/
965,Mechanical Or Industrial Engineering,/company/boschusa/
966,Automotive,/company/groupepsa/
967,Management Consulting,/company/eurogroup-consulting-france/
968,Management Consulting,/company/eurogroup-consulting-portugal/
969,Dairy,/company/natilait/
970,Financial Services,/company/malaysia-world's-islamic-finance-marketplace/
971,"Les Berges du lac, Tunis",/company/wall-street-english-tunisia/
972,"Rades, Ben Arous",/company/iset-rades/
973,"El Ghazela, Ariana",/company/esprit-school-of-business/
974,Electrical & Electronic Manufacturing,/company/honeywell/
975,Education Management,/company/clc/
976,Food Production,/company/nutrition-&-sante/
977,Newspapers,/company/le-revenu/
978,Consumer Goods,/company/henkel/
979,Aviation & Aerospace,/company/safran/
980,Semiconductors,/company/texas-instruments/
981,Military,/company/canadian-forces/
982,Electrical & Electronic Manufacturing,/company/te-connectivity/
983,Electrical & Electronic Manufacturing,/company/eaton/
984,Aviation & Aerospace,/company/airbusgroup/
985,Automotive,/company/hutchinson/
986,Information Technology & Services,/company/altair-engineering/
987,Staffing & Recruiting,/company/huxley/
988,Banking,/company/aubkuwait/
989,Information Technology & Services,/company/proservia/
990,Banking,/company/intesa-sanpaolo/
991,Banking,/company/national-bank-of-canada/
992,International Affairs,/company/unhcr/
993,Banking,/company/gulf-bank/
994,Staffing & Recruiting,/company/careerdubai.net/
995,Banking,/company/commercial-bank-of-kuwait/
996,Banking,/company/commercial-bank-international/
997,Staffing & Recruiting,/company/boyenhaddin/
998,Management Consulting,/company/ey-parthenon/
999,Management Consulting,/company/strategyand/
1000,Higher Education,/company/institut-tunis-dauphine/
1001,Textiles,/company/attias-group/
1002,Staffing & Recruiting,/company/pentabell/
1003,Accounting,/company/kpmg/
1004,Insurance,/company/filiassur/
1005,Internet,/company/jumia-group/
1006,Computer Software,/company/sesamm-sas/
1007,Pharmaceuticals,/company/merck-group/
1008,Real Estate,/company/immobilier-06/
1009,Financial Services,/company/bancointer/
1010,Real Estate,/company/immobilier-des-notaires/
1011,Publishing,/company/-newco/
1012,Investment Management,/company/palestine-investment-fund/
1013,Publishing,/company/economyplusme/
1014,Civic & Social Organization,/company/financial-shared-brains/
1015,Management Consulting,/company/actafrique-2018/
1016,Financial Services,/company/sanford-c--bernstein/
1017,Computer Software,/company/temenos/
1018,Non-profit Organization Management,/company/acted/
1019,Financial Services,/company/tagpayinc/
1020,Accounting,/company/mgiworld.com/
1021,Publishing,/company/incmagazine/
1022,Media Production,/company/the-washington-post/
1023,Publishing,/company/modern-healthcare/
1024,Online Media,/company/inman-news/
1025,Logistics & Supply Chain,/company/la-poste/
1026,Financial Services,/company/taysir-microfinance/
1027,Apparel & Fashion,/company/ecole-privee/
1028,Casablanca,/company/groupe-iscae/
1029,Individual & Family Services,/company/universelle-cb/
1030,Financial Services,/company/el-amel-de-microfinance/
1031,"Manouba, Manouba",/company/institut-sup%C3%A9rieur-de-comptabilit%C3%A9-et-d-administration-des-entreprises-de-tunis/
1032,Insurance,/company/bh-assurance/
1033,Entertainment,/company/free-courses-books/
1034,Food Production,/company/d%C3%A9lice-danone/
1035,Information Technology & Services,/company/netapp/
1036,Law Enforcement,/company/us-secret-service/
1037,Aviation & Aerospace,/company/airbus/
1038,Telecommunications,/company/viavi-solutions/
1039,Banking,/company/first-national-bank-of-omaha/
1040,Airlines/Aviation,/company/lufthansa/
1041,Computer & Network Security,/company/qualys/
1042,Information Technology & Services,/company/emedianet-qatar/
1043,Information Technology & Services,/company/qatarlyst/
1044,Architecture & Planning,/company/qatar-kwik-span/
1045,Information Technology & Services,/company/tech-competences/
1046,Computer Software,/company/symatique/
1047,Human Resources,/company/med-rh/
1048,24 followers,/company/la-fleur-du-nord-ouest/
1049,Information Technology & Services,/company/club-dsi-tunisie/
1050,Civil Engineering,/company/scet-tunisie/
1051,Tunis,/company/universite-internationale-privee-de-tunis/
1052,Information Technology & Services,/company/jd-edwards-erp/
1053,Information Technology & Services,/company/officiel-adventso/
1054,Information Technology & Services,/company/iga-tunisie/
1055,Construction,/company/amagroup-qualityfirst-safetybefore/
1056,Marketing & Advertising,/company/libertacom-digital-communication-agency/
1057,Cosmetics,/company/the-estee-lauder-companies-inc/
1058,Information Technology & Services,/company/cc-pace/
1059,Insurance,/company/groupe-henner/
1060,Human Resources,/company/career-counseling/
1061,Government Administration,/company/ministere-education-enseignement-superieur-quebec/
1062,International Trade & Development,/company/isostandards/
1063,Government Administration,/company/ville-de-quebec/
1064,"Tunis, Tunisia",/company/south-mediterranean-university/
1065,Public Relations & Communications,/company/kingcom/
1066,Staffing & Recruiting,/company/crit/
1067,"Health, Wellness & Fitness",/company/commejaime/
1068,Management Consulting,/company/the-iso-9001-group/
1069,Internet,/company/ccm-benchmark/
1070,Higher Education,/company/ese---enseignement-sup-rieur-l'etranger/
1071,Public Policy,/company/enseignementsup-recherche/
1072,Staffing & Recruiting,/company/clickemploi-com---recrutement-et-opportunit%C3%A9s-de-carri%C3%A9re/
1073,Computer Software,/company/epsilog-vega/
1074,Wholesale,/company/groupe-benard/
1075,Banking,/company/banque-de-luxembourg/
1076,Banking,/company/banque-populaire-grand-ouest/
1077,Insurance,/company/axa-gulf/
1078,Financial Services,/company/banking-jobs/
1079,Internet,/company/mdweb/
1080,Financial Services,/company/multibankgroup/
1081,Information Technology & Services,/company/teamwill/
1082,Staffing & Recruiting,/company/kingston-stanley/
1083,Electrical & Electronic Manufacturing,/company/leoni/
1084,Renewables & Environment,/company/ademe/
1085,Food Production,/company/lesieur/
1086,Information Technology & Services,/company/dynamix-services/
1087,Financial Services,/company/risco-verificare-firme/
1088,Internet,/company/marocannonces/
1089,Renewables & Environment,/company/green-power-compagny/
1090,"Leisure, Travel & Tourism",/company/travel-tunisia/
1091,Professional Training & Coaching,/company/teletrade-tbi-sfax/
1092,Automotive,/company/lear-corporation/
1093,Banking,/company/european-investment-bank/
1094,Automotive,/company/magna-international/
1095,Farming,/company/groupe-roullier/
1096,Financial Services,/company/microcred/
1097,Management Consulting,/company/acceo-consulting/
1098,Financial Services,/company/cgf---compagnie-gestion-et-finance/
1099,Oil & Energy,/company/vivoenergy/
1100,Higher Education,/company/universit-centrale-tunisie/
1101,Information Services,/company/alphamena/
1102,Financial Services,/company/bnpparibassecuritiesservices/
1103,Financial Services,/company/mcp---mena-capital-partners/
1104,Medical Device,/company/optylab/
1105,Internet,/company/lespac-com/
1106,Information Technology & Services,/company/micro-logic/
1107,Real Estate,/company/maroc-prestige-real-estate---morocco/
1108,Internet,/company/batiweb.com/
1109,Financial Services,/company/societe-tunisienne-de-banque/
1110,Pharmaceuticals,/company/cogepha/
1111,Information Technology & Services,/company/agence-backstage---personnel-v-nementiel/
1112,Supermarkets,/company/techno-stationery/
1113,Aviation & Aerospace,/company/racb-events-royal-automobile-club-of-belgium-/
1114,Arts & Crafts,/company/fleurs-d'avenir/
1115,Outsourcing/Offshoring,/company/phoneact/
1116,Computer & Network Security,/company/montechnicien/
1117,Information Technology & Services,/company/tech2tech/
1118,Aviation & Aerospace,/company/safran-aircraft-interiors/
1119,Outsourcing/Offshoring,/company/altracall/
1120,Information Technology & Services,/company/itsm-tunisie/
1121,Government Administration,/company/government-of-canada/
1122,Government Administration,/company/service-canada/
1123,Consumer Goods,/company/fluidra/
1124,Environmental Services,/company/apave/
1125,Information Technology & Services,/company/focus-&-focus-international/
1126,Oil & Energy,/company/medex-petroleum-limited/
1127,Translation & Localization,/company/aneti/
1128,Staffing & Recruiting,/company/5job-tc/
1129,Staffing & Recruiting,/company/qatar-careers/
1130,Online Media,/company/insider-inc/
1131,Marketing & Advertising,/company/stepublicita/
1132,Accounting,/company/twills-consulting/
1133,Apparel & Fashion,/company/maille-club-group/
1134,Internet,/company/netino/
1135,Textiles,/company/arex-aramys-group/
1136,Insurance,/company/assurances-maghrebia/
1137,Retail,/company/senwan-group/
1138,Insurance,/company/assurances-attakafulia/
1139,Entertainment,/company/sony/
1140,Internet,/company/paypal/
1141,Pharmaceuticals,/company/sanofi-pasteur/
1142,"Leisure, Travel & Tourism",/company/travelocity/
1143,Information Technology & Services,/company/sabre-corporation/
1144,Machinery,/company/atlas-copco/
1145,Automotive,/company/audi-ag/
1146,Oil & Energy,/company/petronas/
1147,Machinery,/company/nilfisk/
1148,Transportation/Trucking/Railroad,/company/stoneridge/
1149,Mechanical Or Industrial Engineering,/company/facom/
1150,Automotive,/company/texa/
1151,Mechanical Or Industrial Engineering,/company/alfred-kaercher-se-&-co-kg/
1152,Mechanical Or Industrial Engineering,/company/institut-de-soudure/
1153,Machinery,/company/gys/
1154,Automotive,/company/car-o-liner-hq/
1155,Machinery,/company/istobal-group/
1156,Wholesale,/company/autodistribution/
1157,Mechanical Or Industrial Engineering,/company/hartridge-ltd/
1158,Consumer Goods,/company/stanley-black-decker-inc/
1159,Automotive,/company/celette-sa/
1160,Supermarkets,/company/ulysse-hyper-distribution/
1161,Restaurants,/company/the-burke-group/
1162,Banking,/company/bridgebank-group-ci/
1163,Media Production,/company/finediningindian/
1164,Staffing & Recruiting,/company/rh-performance/
1165,Banking,/company/banque-de-l'habitat/
1166,Human Resources,/company/cifip-c-te-d'ivoire/
1167,International Trade & Development,/company/adeco-group/
1168,Staffing & Recruiting,/company/africa-employ/
1169,Online Media,/company/iemploi/
1170,Human Resources,/company/otalent/
1171,Import & Export,/company/africexport/
1172,Business Supplies & Equipment,/company/gam-tunisie/
1173,Information Technology & Services,/company/orange-business-services/
1174,Financial Services,/company/barclays-investment-bank/
1175,Financial Services,/company/barclays-bank/
1176,Banking,/company/rbc/
1177,Telecommunications,/company/sfr/
1178,Banking,/company/td/
1179,Banking,/company/icici-bank/
1180,Telecommunications,/company/bouygues-telecom/
1181,Financial Services,/company/citi/
1182,Banking,/company/atb-financial/
1183,Banking,/company/canadian-western-bank/
1184,Information Technology & Services,/company/orange-cyberdefense/
1185,Internet,/company/opera-software/
1186,Broadcast Media,/company/express-fm/
1187,E-learning,/company/digital-marketer/
1188,Internet,/company/upwork/
1189,Marketing & Advertising,/company/creapills/
1190,Human Resources,/company/dreamjob.ma/
1191,Marketing & Advertising,/company/primaveraagency/
1192,Financial Services,/company/financial-services-volunteer-corps/
1193,Information Technology & Services,/company/capgemini/
1194,Information Technology & Services,/company/euranova/
1195,Aviation & Aerospace,/company/paradigm-precision/
1196,Information Technology & Services,/company/billcom-consulting/
1197,Information Technology & Services,/company/integration-objects/
1198,Telecommunications,/company/nokia/
1199,Insurance,/company/chubb/
1200,Telecommunications,/company/bell/
1201,Computer & Network Security,/company/fortinet/
1202,Hospitality,/company/sheraton/
1203,Hospitality,/company/starwood/
1204,Banking,/company/agence-francaise-de-developpement/
1205,Food & Beverages,/company/the-kraft-heinz-company/
1206,Outsourcing/Offshoring,/company/tlscontactofficiel/
1207,Insurance,/company/spb-group/
1208,Government Administration,/company/cepex/
1209,"Leisure, Travel & Tourism",/company/meeting-point-international/
1210,"Vancouver, British Columbia",/company/corporate-finance-institute-cfi/
1211,Airlines/Aviation,/company/royal-air-maroc/
1212,MONTREUIL,/company/afpa/
1213,Information Technology & Services,/company/aisa-tunisair-group-sita-/
1214,Airlines/Aviation,/company/tunisavia/
1215,Financial Services,/company/tunisie-valeurs/
1216,Airlines/Aviation,/company/nouvelair-tunisie/
1217,Information Technology & Services,/company/profinch-solutions-pvt-ltd/
1218,Financial Services,/company/deutsche-bank/
1219,Insurance,/company/aig/
1220,Banking,/company/cibc/
1221,Banking,/company/credit-agricole-cib/
1222,Airlines/Aviation,/company/emirates/
1223,Financial Services,/company/travelex/
1224,Banking,/company/credit-agricole/
1225,Financial Services,/company/moneygram-international/
1226,Banking,/company/banque-populaire/
1227,Online Media,/company/cnet/
1228,Banking,/company/nbkgroup/
1229,Publishing,/company/entrepreneur-media/
1230,Oil & Energy,/company/qatargas/
1231,Banking,/company/aaibofficial/
1232,"Créteil, île-de-france",/company/universite-paris-est-creteil-paris12/
1233,Management Consulting,/company/national-entrepreneur-center/
1234,Internet,/company/yahoo/
1235,Construction,/company/ledcor/
1236,Consumer Goods,/company/the-harvest-group/
1237,Government Administration,/company/city-of-barrie/
1238,Renewables & Environment,/company/siemens-energy/
1239,Industrial Automation,/company/seagroupe/
1240,Human Resources,/company/qatarjobscv/
1241,Legal Services,/company/vision-immigration-advisory/
1242,Human Resources,/company/jobhuntqatar/
1243,Financial Services,/company/wellsfargo/
1244,Tel Aviv,/company/tel-aviv-university/
1245,International Trade & Development,/company/christianaid/
1246,Education Management,/company/amideast/
1247,Non-profit Organization Management,/company/concern-worldwide/
1248,Non-profit Organization Management,/company/nonprofit-finance-fund/
1249,Information Technology & Services,/company/concentrix/
1250,Non-profit Organization Management,/company/action-against-hunger-uk/
1251,Banking,/company/united-commercial-bank-limited/
1252,Banking,/company/primebanklimited/
1253,Broadcast Media,/company/bbc/
1254,"Gif-sur-Yvette, île-de-france",/company/centralesupelec/
1255,Marketing & Advertising,/company/cactusinc/
1256,Government Administration,/company/minist-re-de-la-justice/
1257,Information Technology & Services,/company/exo-platform/
1258,Pharmaceuticals,/company/gulf-pharmaceutical-industry-julphar-/
1259,Marketing & Advertising,/company/karoui-&-karoui-saudi-ababia/
1260,Telecommunications,/company/one-tech-development/
1261,Management Consulting,/company/onepoint/
1262,Cosmetics,/company/kiko-make-up-milano---percassi/
1263,Internet,/company/medianet_2/
1264,Security & Investigations,/company/bslsecurite/
1265,Cosmetics,/company/institut-karit-paris/
1266,Cosmetics,/company/flower-arem-group/
1267,Marketing & Advertising,/company/webreflexe/
1268,Transportation/Trucking/Railroad,/company/transport-canada/
1269,Mechanical Or Industrial Engineering,/company/saipem/
1270,Renewables & Environment,/company/edf/
1271,Logistics & Supply Chain,/company/kuehne-nagel/
1272,Logistics & Supply Chain,/company/dbschenker/
1273,Transportation/Trucking/Railroad,/company/transport-for-london/
1274,Logistics & Supply Chain,/company/dsv/
1275,Construction,/company/bouygues/
1276,Computer Software,/company/sas/
1277,Banking,/company/bnpparibasfortis/
1278,Financial Services,/company/igwealthmanagement/
1279,Management Consulting,/company/capgemini-invent/
1280,Logistics & Supply Chain,/company/ups/
1281,Banking,/company/lcl/
1282,Banking,/company/credit-logement/
1283,International Affairs,/company/ambassade-de-france-en-algerie/
1284,Management Consulting,/company/emergences-&-talents---afrique/
1285,Belfort cedex,/company/iut-de-belfort-montb%C3%A9liard/
1286,Information Technology & Services,/company/cognizant/
1287,Banking,/company/banco-santander/
1288,Information Technology & Services,/company/sofgen/
1289,Staffing & Recruiting,/company/hydrogen-group/
1290,Computer Software,/company/zumasys/
1291,Computer Software,/company/jbase/
1292,Banking,/company/syncordis/
1293,Information Technology & Services,/company/ndctech/
1294,Automotive,/company/toyota-north-america/
1295,Airlines/Aviation,/company/delta-air-lines/
1296,Airlines/Aviation,/company/air-france-industries-klm-engineering-&-maintenance/
1297,Airlines/Aviation,/company/klm/
1298,Airlines/Aviation,/company/american-airlines/
1299,Pharmaceuticals,/company/merck/
1300,Information Technology & Services,/company/bayt.com/
1301,Computer Software,/company/assessfirst-fr/
1302,Human Resources,/company/peopleton-solutions/
1303,Utilities,/company/american-iron-&-metal/
1304,Human Resources,/company/expectra-search/
1305,Information Technology & Services,/company/taskiy-net/
1306,Management Consulting,/company/egon-zehnder/
1307,"Montréal, Québec",/company/uqam/
1308,Telecommunications,/company/tejas-networks/
1309,Dairy,/company/lactalis/
1310,Law Practice,/company/fidal/
1311,Professional Training & Coaching,/company/coachville/
1312,Automotive,/company/hyundai-motor-europe/
1313,Semiconductors,/company/nxp-semiconductors/
1314,Consumer Goods,/company/nestl-purina-north-america/
1315,Information Technology & Services,/company/hcl-technologies/
1316,Consumer Goods,/company/hanesbrands-inc-/
1317,Food Production,/company/orangina-schweppes/
1318,Marketing & Advertising,/company/groupmworldwide/
1319,Retail,/company/sephora/
1320,Marketing & Advertising,/company/publicismedia/
1321,"Sherbrooke, Québec",/company/universite-de-sherbrooke/
1322,Internet,/company/mediamath/
1323,Staffing & Recruiting,/company/wearehrsource/
1324,Computer Software,/company/athena-global-services/
1325,Marketing & Advertising,/company/nationalpen/
1326,Online Media,/company/wttj-fr/
1327,Non-profit Organization Management,/company/thefemalelead/
1328,E-learning,/company/boostmeup-senior/
1329,Market Research,/company/tbs-junior-enterprise/
1330,EL MOUROUJ,/company/tunis-business-school-university-of-tunis/
1331,Cosmetics,/company/lancome/
1332,Computer Software,/company/infor/
1333,Information Technology & Services,/company/sungard/
1334,Automotive,/company/delphi/
1335,Information Services,/company/spglobal/
1336,Capital Markets,/company/spglobalratings/
1337,Aviation & Aerospace,/company/lufthansa-technik/
1338,Computer Software,/company/eurodecision/
1339,Information Services,/company/fitch-solutions/
1340,Computer Software,/company/fy-computing/
1341,Information Technology & Services,/company/appsilon/
1342,Insurance,/company/allianz-france/
1343,Computer Networking,/company/seon-tech/
1344,Computer Software,/company/yusotech/
1345,Internet,/company/smart-team-tn/
1346,Information Technology & Services,/company/prevision.io/
1347,Information Technology & Services,/company/365uurproductiever/
1348,Education Management,/company/cambridge-assessment-english/
1349,Publishing,/company/genetic-engineering-&-biotechnology-news/
1350,Education Management,/company/ielts-official/
1351,Education Management,/company/office-365-akademie/
1352,Information Technology & Services,/company/office-365-community/
1353,Government Administration,/company/cra-arc/
1354,Government Administration,/company/pspc-spac/
1355,Government Administration,/company/global-affairs-canada-affaires-mondiales-canada/
1356,Government Administration,/company/cbsa-asfc/
1357,Government Administration,/company/aafc-aac/
1358,Government Administration,/company/canadian-food-inspection-agency/
1359,Government Administration,/company/citizenship-and-immigration-canada/
1360,Chemicals,/company/bayer-cropscience/
1361,Farming,/company/syngenta/
1362,Machinery,/company/jcb/
1363,International Affairs,/company/unep/
1364,Government Administration,/company/statcan/
1365,Information Technology & Services,/company/trustmineral/
1366,Industrial Automation,/company/hoogendoorn-growth-management/
1367,Food Production,/company/centrale-laitiere/
1368,International Trade & Development,/company/fhi-360/
1369,International Affairs,/company/fao/
1370,International Affairs,/company/unesco/
1371,Government Administration,/company/ministere-immigration-francisation-integration-quebec/
1372,Management Consulting,/company/oliver-wyman/
1373,Financial Services,/company/verifone/
1374,Human Resources,/company/alexander-hughes/
1375,Information Services,/company/bmiresearch/
1376,Management Consulting,/company/sia-partners/
1377,Retail,/company/landmark-group/
1378,International Trade & Development,/company/asian-development-bank/
1379,"Exeter, Devon",/company/university-of-exeter/
1380,"Dhahran, Eastern Province",/company/kfupm/
1381,Banking,/company/la-banque-postale/
1382,Banking,/company/financial-institutions/
1383,Banking,/company/banque-palatine/
1384,Hospital & Health Care,/company/dasa/
1385,Consumer Goods,/company/lego-group/
1386,Grenoble,/company/grenoble-ecole-de-management/
1387,Consumer Goods,/company/baobabplus/
1388,Higher Education,/company/issat-kas/
1389,Financial Services,/company/manulifesecurities/
1390,Financial Services,/company/lbc-capital/
1391,Staffing & Recruiting,/company/studyland-ca/
1392,Paris,/company/universit%C3%A9-psl/
1393,Civic & Social Organization,/company/r%C3%A9seau-tuniso-canadien-des-affaires/
1394,"Sousse, Sahloul",/company/epi-school/
1395,"London, Greater London",/company/university-college-london/
1396,Airlines/Aviation,/company/turkish-airlines/
1397,Non-profit Organization Management,/company/unops/
1398,Telecommunications,/company/ooredooqatar/
1399,Staffing & Recruiting,/company/cfo2grow/
1400,"Québec, Qc",/company/universite-laval/
1401,"Jouy en Josas, île-de-france",/company/hec-paris/
1402,Information Technology & Services,/company/rgi-group/
1403,Computer Software,/company/sab2i/
1404,Internet,/company/linkfinance/
1405,Information Technology & Services,/company/talys/
1406,Management Consulting,/company/accompany-consulting/
1407,Information Technology & Services,/company/advyteam/
1408,Human Resources,/company/next-recruitments/
1409,Human Resources,/company/corp---centre-d'orientation-et-de-reconversion-professionnelle/
1410,Telecommunications,/company/huawei-documentation-express/
1411,Investment Banking,/company/attijari-leasing/
1412,"Sousse, Sousse",/company/ihecsousse/
1413,Medical Device,/company/cordis/
1414,International Affairs,/company/canadian-embassy/
1415,Pharmaceuticals,/company/bristol-myers-squibb/
1416,Non-profit Organization Management,/company/bo-vest/
1417,Non-profit Organization Management,/company/aiesec-tunisia/
1418,Financial Services,/company/centre-financier-aux-entrepreneurs--tunisie-s-a-/
1419,Staffing & Recruiting,/company/%D9%88%D8%B8%D8%A7%D8%A6%D9%81-%D8%A7%D9%84%D8%B3%D8%B9%D9%88%D8%AF%D9%8A%D8%A9-ksa-jobs/
1420,Staffing & Recruiting,/company/5jobs-qa/
1421,Business Supplies & Equipment,/company/fisqatar/
1422,Marketing & Advertising,/company/american-marketing-association/
1423,Financial Services,/company/allianz/
1424,Insurance,/company/ffa-assurance/
1425,Insurance,/company/noor-takaful/
1426,Management Consulting,/company/allianz-takaful-bsc.-c-/
1427,Publishing,/company/business-insurance/
1428,Insurance,/company/takaful-international/
1429,Insurance,/company/takaful-insurance-of-africa-limited/
1430,Oil & Energy,/company/woodplc/
1431,Management Consulting,/company/paradigma/
1432,Renewables & Environment,/company/abbsolarinverters/
1433,Cergy-Pontoise,/company/essec-business-school/
1434,Biotechnology,/company/roche/
1435,Marketing & Advertising,/company/um-ww/
1436,Medical Device,/company/baxter-healthcare/
1437,Biotechnology,/company/thermo-fisher-scientific/
1438,Pharmaceuticals,/company/boehringer-ingelheim/
1439,Chemicals,/company/solvay/
1440,Chemicals,/company/givaudan/
1441,Chemicals,/company/firmenich/
1442,Pharmaceuticals,/company/takeda-pharmaceuticals/
1443,Pharmaceuticals,/company/incyte/
1444,Medical Device,/company/bbraun-group/
1445,Biotechnology,/company/lonza/
1446,Oil & Energy,/company/suncor/
1447,Mining & Metals,/company/glencore/
1448,Chemicals,/company/sicpa/
1449,Tobacco,/company/jti/
1450,Research,/company/rti-international/
1451,Furniture,/company/bfi/
1452,Non-profit Organization Management,/company/irex/
1453,Information Technology & Services,/company/fujitsu/
1454,Investment Banking,/company/saxo-bank/
1455,Investment Banking,/company/exane/
1456,Information Technology & Services,/company/sword-group/
1457,Information Technology & Services,/company/umanis/
1458,Information Technology & Services,/company/edifixio/
1459,Financial Services,/company/360t/
1460,Information Technology & Services,/company/astek/
1461,Computer Software,/company/fitnet-application/
1462,Information Technology & Services,/company/avenuecode/
1463,Staffing & Recruiting,/company/vivid-resourcing-ltd/
1464,Internet,/company/fifty-five/
1465,Staffing & Recruiting,/company/elan-it-luxembourg-a-manpower-group-company/
1466,Information Technology & Services,/company/proxyclick/
1467,Logistics & Supply Chain,/company/bpost/
1468,Information Technology & Services,/company/extia/
1469,Information Technology & Services,/company/mthree/
1470,Information Technology & Services,/company/sopra-banking-software/
1471,Financial Services,/company/alios-finance/
1472,International Affairs,/company/expectation-state/
1473,Civic & Social Organization,/company/jasminefoundation/
1474,Government Administration,/company/european-commission/
1475,Apparel & Fashion,/company/bestseller/
1476,Staffing & Recruiting,/company/olympia-nederland/
1477,Newspapers,/company/la-voix-du-nord/
1478,Newspapers,/company/strategies/
1479,Pharmaceuticals,/company/pt-kalbe-farma/
1480,Financial Services,/company/gecapital/
1481,Telecommunications,/company/nokia-for-service-providers/
1482,Financial Services,/company/kpmg-us/
1483,Banking,/company/abn-amro/
1484,Information Technology & Services,/company/atos-consulting-switzerland/
1485,Building Materials,/company/lafargeholcim/
1486,Machinery,/company/john-deere/
1487,Civil Engineering,/company/tractebel-engie-group/
1488,Entertainment,/company/stage-entertainment/
1489,Mechanical Or Industrial Engineering,/company/segula-technologies/
1490,Outsourcing/Offshoring,/company/webhelp/
1491,Oil & Energy,/company/sonatrach/
1492,International Affairs,/company/eurasia-group/
1493,Marketing & Advertising,/company/tpm-tunisia/
1494,Oil & Energy,/company/smart-inspection-services/
1495,Oil & Energy,/company/global-industrial-services-gis/
1496,Airlines/Aviation,/company/iac---international-airlines-crew/
1497,Banking,/company/banque-fran%C3%A7aise-mutualiste/
1498,Banking,/company/central-bank-of-tunisia/
1499,Automotive,/company/indus-motor-company-ltd/
1500,Human Resources,/company/startpeople-sa/
1501,Maritime,/company/tnt-tunisie/
1502,Marketing & Advertising,/company/brainy-concept/
1503,Outsourcing/Offshoring,/company/advancia-teleservices/
1504,Hospitality,/company/hotel-jobs-worldwide/
1505,Professional Training & Coaching,/company/reet-reseau-des-entreprises-d-entrainement-de-tunisie/
1506,Telecommunications,/company/umrkg/
1507,Professional Training & Coaching,/company/l2m-4-0-lean-manufacturing-and-management/
1508,Electrical & Electronic Manufacturing,/company/niglobal/
1509,Information Technology & Services,/company/nagra/
1510,Industrial Automation,/company/festo/
1511,Government Administration,/company/jtccorp/
1512,Edinburgh,/company/edinburgh-napier-university/
1513,Construction,/company/razel/
1514,Staffing & Recruiting,/company/robertson-&-company-ltd-/
1515,Maritime,/company/cma-cgm/
1516,Retail,/company/celio/
1517,Internet,/company/topnet/
1518,Information Technology & Services,/company/societe_conseil_groupe_lgs/
1519,Information Technology & Services,/company/hewlett-packard-labs/
1520,Telecommunications,/company/bt/
1521,Information Technology & Services,/company/sigma-it/
1522,Information Technology & Services,/company/avisia/
1523,Information Technology & Services,/company/levioconsulting/
1524,Professional Training & Coaching,/company/biatlabs/
1525,Online Media,/company/cnnarabic/
1526,Marketing & Advertising,/company/rive-gauche-rive-droite-marketing/
1527,Broadcast Media,/company/radio-mosaique-fm-tunisia/
1528,Investment Banking,/company/cdctn/
1529,Building Materials,/company/soroubat/
1530,Staffing & Recruiting,/company/%D9%88%D8%B8%D8%A7%D8%A6%D9%81-%D8%B5%D8%AD%D8%A7%D9%81%D8%A9-%D8%A7%D8%B9%D9%84%D8%A7%D9%85/
1531,Government Administration,/company/tunisia-investment-authority-official-page/
1532,Automotive,/company/nissan-tunisie/
1533,Marketing & Advertising,/company/echocom-tunisie/
1534,Entertainment,/company/the-walt-disney-company/
1535,Logistics & Supply Chain,/company/ups-supply-chain-solutions/
1536,Hospitality,/company/doubletree-hilton/
1537,Hospitality,/company/jumeirah-group-jumeirah-hotels-and-resorts/
1538,Information Technology & Services,/company/european-dynamics/
1539,Apparel & Fashion,/company/pvh/
1540,Retail,/company/printemps/
1541,Information Technology & Services,/company/velti/
1542,Information Technology & Services,/company/xerox/
1543,Political Organization,/company/european-parliament/
1544,Staffing & Recruiting,/company/quantum-management-services-ltd/
1545,Financial Services,/company/bank-of-montreal/
1546,"Cambridge, England",/company/university-of-cambridge/
1547,Automotive,/company/visteon/
1548,Mechanical Or Industrial Engineering,/company/trelleborggroup/
1549,Automotive,/company/hella/
1550,Electrical & Electronic Manufacturing,/company/johnsonelectricgroup/
1551,Automotive,/company/grupo-antolin/
1552,Design,/company/pininfarina/
1553,Automotive,/company/iav-gmbh/
1554,Automotive,/company/samvardhana-motherson-peguform/
1555,Automotive,/company/daimler/
1556,Mechanical Or Industrial Engineering,/company/schaeffler/
1557,Transportation/Trucking/Railroad,/company/db-engineering-consulting/
1558,Nanotechnology,/company/canatu/
1559,Automotive,/company/magneti-marelli/
1560,Electrical & Electronic Manufacturing,/company/mitsubishi-electric-europe-bv/
1561,Banking,/company/dexia/
1562,Retail,/company/indigo/
1563,Marketing & Advertising,/company/jcdecaux/
1564,Logistics & Supply Chain,/company/geodis/
1565,Insurance,/company/europ-assistance/
1566,Food Production,/company/bonduelle/
1567,Financial Services,/company/fiducial/
1568,Banking,/company/bpifrance/
1569,Banking,/company/mirabaud-group/
1570,Renewables & Environment,/company/sts-certified/
1571,Paris,/company/groupe-igs-formation-continue/
1572,Mechanical Or Industrial Engineering,/company/marktech/
1573,Industrial Automation,/company/leoni-factory-automation/
1574,Electrical & Electronic Manufacturing,/company/leoni-maroc/
